{
    "x_min": -0.075,
    "x_max": 0.075,
    "y_min": -0.0075,
    "y_max": 0.0075,
    "plane_of_measurement": 0.13,
    "number_of_bins": 32,
    "max_time": 2.001,
    "number_of_timesteps": 2001,
    "particle_radius": 0.0015,
    "particle_density": 2505,
    "particle_mass": 3.541360318759094e-05,
    "positive_flux": [
        0.5034084300085114,
        0.5034084300085114,
        2.0136337200340457,
        9.313055955157461,
        30.20450580051062,
        72.99422235123433,
        127.11062857715038,
        190.28838654321984,
        248.4320602092015,
        314.37856454031134,
        370.50860448625605,
        437.7136298923871,
        496.6124162033886,
        592.260017905017,
        679.8530847265083,
        743.2825469075883,
        742.5274342625754,
        693.1934081217355,
        651.6622126460284,
        570.8651596296528,
        468.4215441229086,
        389.1347163965695,
        304.56210015514614,
        232.07128623392617,
        156.30831751764464,
        101.68850286172005,
        63.17775796606816,
        29.70109737050211,
        14.85054868525109,
        2.517042150042557,
        0.7551126450127671,
        0.7551126450127671
    ],
    "negative_flux": [
        766.4393346879825,
        866.3659080446839,
        683.6286479515726,
        506.68058480356,
        339.0455776107265,
        230.30935672889652,
        146.99526156248697,
        104.20554501176267,
        72.49081392122581,
        47.06868820579568,
        40.272674400680806,
        27.43575943546382,
        16.109069760272362,
        10.319872815174485,
        3.775563225063835,
        0.2517042150042557,
        0.0,
        0.2517042150042557,
        0.5034084300085114,
        3.2721547950553247,
        6.040901160102134,
        10.823281245182997,
        27.43575943546382,
        50.34084300085099,
        86.33454574646015,
        148.2537826375083,
        230.30935672889652,
        330.7393385155867,
        457.5982628777243,
        616.6753267604328,
        722.6428012772369,
        661.9820854612041
    ],
    "net_flux": [
        -765.935926257974,
        -865.8624996146754,
        -681.6150142315386,
        -497.36752884840257,
        -308.8410718102159,
        -157.3151343776622,
        -19.884632985336594,
        86.08284153145718,
        175.94124628797567,
        267.30987633451565,
        330.23593008557526,
        410.27787045692327,
        480.50334644311624,
        581.9401450898425,
        676.0775215014445,
        743.0308426925841,
        742.5274342625754,
        692.9417039067313,
        651.1588042160198,
        567.5930048345974,
        462.38064296280646,
        378.3114351513865,
        277.12634071968233,
        181.7304432330752,
        69.97377177118449,
        -46.56527977578824,
        -167.13159876282836,
        -301.0382411450846,
        -442.7477141924732,
        -614.1582846103902,
        -721.8876886322241,
        -661.2269728161913
    ]
}