{
    "x_min": -0.075,
    "x_max": 0.075,
    "y_min": -0.0075,
    "y_max": 0.0075,
    "plane_of_measurement": 0.13,
    "number_of_bins": 32,
    "max_time": 2.001,
    "number_of_timesteps": 2001,
    "particle_radius": 0.0015,
    "particle_density": 2505,
    "particle_mass": 3.541360318759094e-05,
    "positive_flux": [
        1.0068168600170229,
        1.0068168600170229,
        2.0136337200340457,
        10.823281245182997,
        25.422125715429782,
        50.59254721585524,
        91.87203847655388,
        133.90664238226543,
        178.45828843801957,
        248.18035599419727,
        316.14049404534103,
        409.01934938190414,
        508.94592273859854,
        632.0292838756941,
        730.1939277273655,
        810.4875723137325,
        798.1540657785225,
        745.0444764126183,
        635.3014386707498,
        529.3339641539457,
        411.7880957469507,
        320.1677614854088,
        235.59514524398546,
        185.50600645813887,
        136.6753887473123,
        93.63396798158371,
        53.612997795906296,
        27.939167865472328,
        12.081802320204279,
        4.530675870076601,
        0.7551126450127671,
        0.7551126450127671
    ],
    "negative_flux": [
        650.403691571007,
        733.7177867374254,
        613.9065803953856,
        473.4556284229943,
        361.69895696110774,
        254.72466558430742,
        192.55372447825818,
        127.86574122216317,
        83.56579938141329,
        52.60618093588928,
        28.694280510485093,
        14.34714025524258,
        5.034084300085112,
        1.7619295050297898,
        1.0068168600170229,
        0.2517042150042557,
        0.2517042150042557,
        1.5102252900255344,
        1.7619295050297898,
        6.292605375106389,
        17.870999265302146,
        29.952801585506364,
        59.90560317101277,
        93.13055955157519,
        130.63448758721003,
        180.2202179430494,
        233.32980730894735,
        324.44673314048083,
        424.37330649716256,
        539.6538369691214,
        656.1928885161055,
        572.3753849196785
    ],
    "net_flux": [
        -649.39687471099,
        -732.7109698774084,
        -611.8929466753516,
        -462.6323471778113,
        -336.27683124567795,
        -204.13211836845218,
        -100.68168600170429,
        6.0409011601022655,
        94.89248905660628,
        195.574175058308,
        287.44621353485593,
        394.6722091266615,
        503.9118384385134,
        630.2673543706643,
        729.1871108673485,
        810.2358680987282,
        797.9023615635183,
        743.5342511225928,
        633.53950916572,
        523.0413587788393,
        393.91709648164857,
        290.2149598999024,
        175.6895420729727,
        92.37544690656368,
        6.0409011601022655,
        -86.58624996146568,
        -179.71680951304106,
        -296.5075652750085,
        -412.29150417695826,
        -535.1231610990448,
        -655.4377758710928,
        -571.6202722746657
    ]
}