{
    "x_min": -0.075,
    "x_max": 0.075,
    "y_min": -0.0075,
    "y_max": 0.0075,
    "plane_of_measurement": 0.13,
    "number_of_bins": 32,
    "max_time": 2.001,
    "number_of_timesteps": 2001,
    "particle_radius": 0.0015,
    "particle_density": 2505,
    "particle_mass": 3.541360318759094e-05,
    "positive_flux": [
        0.7551126450127671,
        0.5034084300085114,
        0.2517042150042557,
        6.544309590110644,
        24.918717285421273,
        82.30727830639198,
        147.24696577749125,
        250.19398971423115,
        376.80120986136194,
        538.3953158941,
        696.4655629167912,
        864.1005701096453,
        981.3947343016422,
        1060.4298578129878,
        1071.7565474881808,
        973.3401994215051,
        848.9983172093881,
        660.7235643861827,
        501.39479628847,
        351.88249257594254,
        233.0781030939431,
        151.2742332175594,
        90.36181318652832,
        55.123223085931826,
        26.177238360442548,
        10.823281245182997,
        6.544309590110644,
        2.2653379350383016,
        0.5034084300085114,
        0.5034084300085114,
        0.5034084300085114,
        1.0068168600170229
    ],
    "negative_flux": [
        686.9008027466283,
        746.3029974876397,
        607.1105665902699,
        422.6113769921329,
        279.39167865472257,
        180.72362637305793,
        107.47769980681805,
        62.9260537510639,
        45.8101671307744,
        28.190872080476584,
        18.374407695310655,
        7.802830665131924,
        0.5034084300085114,
        0.2517042150042557,
        0.0,
        0.0,
        2.0136337200340457,
        7.299422235123411,
        18.1227034803064,
        28.694280510485093,
        50.34084300085099,
        76.76978557629825,
        117.29416419198421,
        183.99578116811333,
        258.7519330243752,
        366.48133704618823,
        514.9868238987015,
        641.3423398308527,
        785.8205592433126,
        938.1016093209051,
        1015.3748033272208,
        885.7471326000139
    ],
    "net_flux": [
        -686.1456901016155,
        -745.7995890576311,
        -606.8588623752656,
        -416.06706740202225,
        -254.4729613693013,
        -98.41634806666595,
        39.7692659706732,
        187.26793596316725,
        330.99104273058754,
        510.2044438136234,
        678.0911552214806,
        856.2977394445134,
        980.8913258716336,
        1060.1781535979835,
        1071.7565474881808,
        973.3401994215051,
        846.9846834893541,
        653.4241421510593,
        483.2720928081636,
        323.18821206545744,
        182.73726009309212,
        74.50444764126117,
        -26.932351005455885,
        -128.8725580821815,
        -232.57469466393266,
        -355.6580558010052,
        -508.44251430859083,
        -639.0770018958144,
        -785.317150813304,
        -937.5982008908966,
        -1014.8713948972122,
        -884.7403157399968
    ]
}