{
    "x_min": -0.075,
    "x_max": 0.075,
    "y_min": -0.0075,
    "y_max": 0.0075,
    "plane_of_measurement": 0.13,
    "number_of_bins": 32,
    "max_time": 2.001,
    "number_of_timesteps": 2001,
    "particle_radius": 0.0015,
    "particle_density": 2505,
    "particle_mass": 3.541360318759094e-05,
    "positive_flux": [
        0.5034084300085114,
        0.7551126450127671,
        0.5034084300085114,
        3.775563225063835,
        12.836914965217046,
        31.463026875531895,
        67.20502540613633,
        103.70213658175415,
        164.61455661278524,
        223.00993449377367,
        283.41894609479033,
        383.84892788148056,
        449.04031956757865,
        511.4629648886414,
        603.8384117952141,
        660.4718601711784,
        722.1393928472284,
        715.8467874721212,
        681.6150142315383,
        580.6816240148199,
        497.87093727841,
        409.52275781191264,
        312.11322660527327,
        230.56106094390074,
        148.2537826375083,
        96.65441856163484,
        51.095955645863754,
        22.14997092037447,
        11.830098105200022,
        4.530675870076601,
        0.5034084300085114,
        0.7551126450127671
    ],
    "negative_flux": [
        616.4236225454284,
        700.4928303568597,
        606.6071581602613,
        496.3607119883843,
        353.1410136509637,
        255.73148244432434,
        180.72362637305793,
        127.36233279215465,
        85.83113731645163,
        45.55846291577015,
        24.16360464040851,
        11.578393890195766,
        7.802830665131924,
        1.2585210750212785,
        0.7551126450127671,
        0.2517042150042557,
        0.2517042150042557,
        1.5102252900255344,
        2.2653379350383016,
        7.551126450127668,
        16.61247819028087,
        27.939167865472328,
        35.238590100595715,
        51.85106829087652,
        77.77660243631529,
        125.0969948571163,
        198.0912172083519,
        302.296762220108,
        419.59092641208207,
        554.7560898693785,
        668.7780992663198,
        600.5662570001584
    ],
    "net_flux": [
        -615.9202141154199,
        -699.7377177118469,
        -606.1037497302527,
        -492.5851487633205,
        -340.3040986857467,
        -224.26845556879243,
        -113.5186009669216,
        -23.6601962104005,
        78.7834192963336,
        177.45147157800352,
        259.25534145438183,
        372.2705339912848,
        441.2374889024467,
        510.2044438136201,
        603.0832991502014,
        660.2201559561742,
        721.8876886322241,
        714.3365621820956,
        679.3496762965001,
        573.1304975646923,
        481.25845908812914,
        381.5835899464403,
        276.87463650467754,
        178.70999265302422,
        70.47718020119301,
        -28.44257629548146,
        -146.99526156248817,
        -280.14679129973354,
        -407.76082830688205,
        -550.2254139993018,
        -668.2746908363113,
        -599.8111443551456
    ]
}