{
    "x_min": -0.075,
    "x_max": 0.075,
    "y_min": -0.0075,
    "y_max": 0.0075,
    "plane_of_measurement": 0.13,
    "number_of_bins": 32,
    "max_time": 2.001,
    "number_of_timesteps": 2001,
    "particle_radius": 0.0015,
    "particle_density": 2505,
    "particle_mass": 3.541360318759094e-05,
    "positive_flux": [
        1.2585210750212785,
        2.768746365046813,
        7.047718020119155,
        16.61247819028087,
        39.01415332565953,
        72.49081392122581,
        120.06291055703107,
        162.60092289275116,
        220.7445965587354,
        285.43257981482424,
        367.99156233621363,
        432.4278413772981,
        524.8032882838685,
        614.1582846103898,
        697.7240839918127,
        761.4052503878969,
        811.9977976037582,
        770.7183063430554,
        678.3428594364826,
        593.5185389800384,
        472.19710734797286,
        374.5358719263238,
        289.96325568490045,
        210.4247237435607,
        148.50548685251255,
        96.15101013162632,
        62.42264532105538,
        28.945984725489346,
        11.074985460187253,
        2.2653379350383016,
        0.5034084300085114,
        0.2517042150042557
    ],
    "negative_flux": [
        667.7712824063027,
        759.3916166678625,
        616.6753267604328,
        454.3261080826686,
        332.50126802061635,
        230.30935672889652,
        160.58728917271708,
        108.98792509684363,
        83.56579938141329,
        61.41582846103833,
        42.78971655072335,
        27.184055220459566,
        15.605661330263853,
        7.047718020119155,
        2.2653379350383016,
        1.2585210750212785,
        1.0068168600170229,
        2.517042150042557,
        5.285788515089368,
        7.551126450127668,
        12.836914965217046,
        20.136337200340435,
        41.279491260697824,
        70.98058863120025,
        106.97429137680953,
        170.15204934287897,
        254.97636979931164,
        371.2637171312687,
        514.7351196836971,
        654.4309590110755,
        774.4938695681196,
        693.4451123367397
    ],
    "net_flux": [
        -666.5127613312815,
        -756.6228703028157,
        -609.6276087403136,
        -437.71362989238776,
        -293.4871146949568,
        -157.81854280767072,
        -40.524378615686004,
        53.61299779590753,
        137.1787971773221,
        224.0167513537859,
        325.20184578549026,
        405.2437861568385,
        509.19762695360464,
        607.1105665902707,
        695.4587460567744,
        760.1467293128757,
        810.9909807437411,
        768.2012641930128,
        673.0570709213932,
        585.9674125299108,
        459.3601923827558,
        354.39953472598336,
        248.68376442420262,
        139.44413511236044,
        41.531195475703015,
        -74.00103921125265,
        -192.55372447825627,
        -342.3177324057794,
        -503.6601342235099,
        -652.1656210760373,
        -773.9904611381111,
        -693.1934081217355
    ]
}