{
    "x_min": -0.075,
    "x_max": 0.075,
    "y_min": -0.0075,
    "y_max": 0.0075,
    "plane_of_measurement": 0.13,
    "number_of_bins": 32,
    "max_time": 2.001,
    "number_of_timesteps": 2001,
    "particle_radius": 0.0015,
    "particle_density": 2505,
    "particle_mass": 3.541360318759094e-05,
    "positive_flux": [
        0.5034084300085114,
        1.2585210750212785,
        1.5102252900255344,
        7.299422235123411,
        20.8914498453532,
        41.279491260697824,
        92.12374269155815,
        137.1787971773208,
        197.08440034833487,
        267.058172119515,
        328.4740005805486,
        392.6585754066288,
        452.56417857763864,
        510.4561480286243,
        587.2259336049314,
        658.9616348811527,
        700.744534571864,
        687.1525069616326,
        638.3218892508013,
        556.0146109443999,
        464.14257246783575,
        404.74037772683215,
        326.71207107551896,
        252.96273607927776,
        185.25430224313462,
        128.8725580821802,
        87.08965839147294,
        38.51074489565102,
        17.367590835293637,
        6.544309590110644,
        1.7619295050297898,
        1.5102252900255344
    ],
    "negative_flux": [
        549.7220055692928,
        636.5599597457713,
        552.9941603643485,
        448.78861535257437,
        340.5558029007519,
        258.2485245943667,
        190.28838654321984,
        140.70265618738046,
        96.15101013162632,
        73.2459265662386,
        45.3067587007659,
        32.97325216555742,
        17.11588662028938,
        8.306239095140436,
        2.768746365046813,
        1.7619295050297898,
        0.7551126450127671,
        0.7551126450127671,
        4.027267440068091,
        6.544309590110644,
        14.598844470246835,
        30.20450580051062,
        48.578913495821205,
        75.51126450127694,
        113.01519253691178,
        169.64864091287046,
        240.12582111406172,
        339.8006902557392,
        469.42836098292577,
        606.3554539452571,
        731.2007445873826,
        645.6213114859255
    ],
    "net_flux": [
        -549.2185971392843,
        -635.30143867075,
        -551.483935074323,
        -441.48919311745095,
        -319.66435305539875,
        -216.96903333366888,
        -98.1646438516617,
        -3.5238590100596525,
        100.93339021670855,
        193.8122455532764,
        283.1672418797827,
        359.6853232410714,
        435.4482919573493,
        502.14990893348386,
        584.4571872398845,
        657.1997053761229,
        699.9894219268513,
        686.3973943166199,
        634.2946218107332,
        549.4703013542893,
        449.5437279975889,
        374.53587192632153,
        278.13315757969775,
        177.45147157800082,
        72.23910970622283,
        -40.77608283069026,
        -153.03616272258878,
        -301.28994536008815,
        -452.0607701476321,
        -599.8111443551464,
        -729.4388150823528,
        -644.1110861958999
    ]
}