{
    "x_min": -0.075,
    "x_max": 0.075,
    "y_min": -0.0075,
    "y_max": 0.0075,
    "plane_of_measurement": 0.13,
    "number_of_bins": 32,
    "max_time": 2.001,
    "number_of_timesteps": 2001,
    "particle_radius": 0.0015,
    "particle_density": 2505,
    "particle_mass": 3.541360318759094e-05,
    "positive_flux": [
        0.5034084300085114,
        1.0068168600170229,
        4.027267440068091,
        15.353957115259599,
        33.728364810570184,
        71.48399706120877,
        110.49815038686918,
        149.5123037125296,
        195.57417505830932,
        263.7860173244599,
        330.2359300855782,
        419.33922219707785,
        551.4839350743227,
        636.3082555307669,
        739.0035752525155,
        780.2830665132183,
        752.0921944327383,
        697.4723797768083,
        623.7230447805528,
        537.1367948190785,
        459.61189659775863,
        361.1955485310993,
        274.6092985696421,
        198.3429214233562,
        124.84529064211203,
        86.83795417646867,
        40.52437861568506,
        15.857365545268108,
        1.7619295050297898,
        1.0068168600170229,
        0.2517042150042557,
        0.7551126450127671
    ],
    "negative_flux": [
        681.3633100165341,
        760.3984335278797,
        621.2060026305098,
        441.99260154745906,
        312.6166350352817,
        214.70369539863313,
        167.88671140784064,
        111.75667146189048,
        76.26637714628971,
        53.10958936589779,
        34.986885885591455,
        19.632928770331926,
        8.557943310144692,
        1.5102252900255344,
        0.0,
        0.5034084300085114,
        1.7619295050297898,
        4.278971655072346,
        4.027267440068091,
        13.843731825234071,
        20.639745630348944,
        38.25904068064677,
        54.619814655923314,
        82.8106867364005,
        128.36914965217167,
        183.74407695310904,
        247.42524334918457,
        353.39271786596794,
        475.4692621430286,
        596.2872853450856,
        711.3161116020441,
        614.4099888253942
    ],
    "net_flux": [
        -680.8599015865256,
        -759.3916166678626,
        -617.1787351904418,
        -426.63864443219944,
        -278.8882702247115,
        -143.21969833742435,
        -57.38856102097145,
        37.75563225063911,
        119.30779791201961,
        210.67642795856213,
        295.24904419998677,
        399.7062934267459,
        542.9259917641781,
        634.7980302407414,
        739.0035752525155,
        779.7796580832097,
        750.3302649277085,
        693.193408121736,
        619.6957773404847,
        523.2930629938445,
        438.9721509674097,
        322.93650785045253,
        219.98948391371877,
        115.53223468695569,
        -3.5238590100596383,
        -96.90612277664037,
        -206.9008647334995,
        -337.5353523206998,
        -473.7073326379988,
        -595.2804684850686,
        -711.0644073870399,
        -613.6548761803814
    ]
}